image,n_ground_truth,n_predicted,n_false_negative,n_false_positive
B-36-_jpg.rf.616b5fbafbbd9d145cc6a5533b5ada40.jpg,2,1,2,1
H-51-_jpg.rf.3c000397940e7c5a69612e1cc5413354.jpg,1,1,1,1
N-119-_jpg.rf.95e5304cd3fba9cbf624c246a5e73ebe.jpg,1,4,0,3
N-146-_jpg.rf.16ac97cda824848e9836cc33f20f6160.jpg,1,1,1,1
N-194-_jpg.rf.caa0f7b2d738c826c11e8c43af4e2cdd.jpg,1,2,0,1
RF-198-_jpg.rf.c0299ea976864075abab0c7bb20908cb.jpg,1,1,1,1
S-34-_jpg.rf.474ea199eaa21855a84d113e154a7d24.jpg,1,2,0,1
S-85-_jpg.rf.54586c9a0db16cad0db89394cc5a0d4c.jpg,1,2,0,1
aug_0_B-143-_jpg.rf.aab943bca3ea38905e3171f55b434220.jpg,1,1,1,1
aug_0_B-36-_jpg.rf.616b5fbafbbd9d145cc6a5533b5ada40.jpg,2,0,2,0
aug_0_H-190-_jpg.rf.054592fdeb4ad2e5c9159339b2a6e0b3.jpg,1,1,1,1
aug_0_S-101-_jpg.rf.2770e49e2aafae0f084721c83aedaf55.jpg,3,13,0,10
aug_0_S-34-_jpg.rf.474ea199eaa21855a84d113e154a7d24.jpg,1,2,0,1
aug_1_B-177-_jpg.rf.7b89fb6ecb534dfc72bfb8e0cf646292.jpg,1,1,1,1
aug_1_B-36-_jpg.rf.616b5fbafbbd9d145cc6a5533b5ada40.jpg,2,2,2,2
aug_1_H-51-_jpg.rf.3c000397940e7c5a69612e1cc5413354.jpg,1,1,1,1
aug_1_S-7-_jpg.rf.c579011d24ff7f72a85ed1caa9eb007c.jpg,1,2,0,1
aug_B-11-_jpg.rf.ac6be52ef47210b363f38fc32472bc5a_bright.jpg,1,1,1,1
aug_B-115-_jpg.rf.ed9196e66905605f51f25cf848485088_bright.jpg,1,3,0,2
aug_B-115-_jpg.rf.ed9196e66905605f51f25cf848485088_contrast.jpg,1,4,0,3
aug_B-143-_jpg.rf.aab943bca3ea38905e3171f55b434220_bright.jpg,1,2,0,1
aug_B-168-_jpg.rf.634982fb333e169ecb184ef2d14382b2_orig.jpg,1,4,0,3
aug_B-24-_jpg.rf.4b22c828b87c71580ecdf6bd07ca390c_bright.jpg,1,2,0,1
aug_B-52-_jpg.rf.c052bcdf06f1ef10f37dee7e74f65c43_contrast.jpg,1,1,1,1
aug_B-55-_jpg.rf.7eea05f5aa94141070fcf7068c07c3d3_contrast.jpg,1,2,0,1
aug_B-58-_jpg.rf.729531acb2d817f813deeeb11f5f4f39_orig.jpg,1,3,0,2
aug_B-66-_jpg.rf.4448fc83f75b1b607987695d7abb6755_orig.jpg,1,2,0,1
aug_B-87-_jpg.rf.5bf812d617d6f81918c38b39479163e1_orig.jpg,1,2,0,1
aug_B-89-_jpg.rf.6ee52e7fc26cc1c772c30e6e1573e8b2_bright.jpg,1,2,0,1
aug_B-95-_jpg.rf.37eaa0b12372990d0ebe89fc63ecd97c_bright.jpg,1,1,1,1
aug_C-29-_jpg.rf.0dbe886b964cb7777331ef2da542105d_bright.jpg,1,2,0,1
aug_C-91-_jpg.rf.3fd67c3e84819aa18f570bdf1f452c01_contrast.jpg,1,2,0,1
aug_C-91-_jpg.rf.3fd67c3e84819aa18f570bdf1f452c01_orig.jpg,1,2,0,1
aug_C-94-_jpg.rf.78c7ce928f4cebf621775b2067ee7dc8_flip.jpg,1,3,0,2
aug_H-126-_jpg.rf.4925a908b91387fd3dbb0a143ba84981_contrast.jpg,1,2,0,1
aug_H-180-_jpg.rf.b1e32d5800a98a8ad45688b35e5875dd_bright.jpg,1,1,1,1
aug_H-180-_jpg.rf.b1e32d5800a98a8ad45688b35e5875dd_orig.jpg,1,2,0,1
aug_H-25-_jpg.rf.38cb159e5c4b71fa27aa7911bea0a0b7_flip.jpg,1,3,0,2
aug_H-25-_jpg.rf.38cb159e5c4b71fa27aa7911bea0a0b7_orig.jpg,1,2,0,1
aug_H-81-_jpg.rf.bd9859e260700dda23a4770a971a8954_bright.jpg,1,2,0,1
aug_N-106-_jpg.rf.1d2ae99399684f7ba335fa4bcdbd2fd9_flip.jpg,1,1,1,1
aug_N-163-_jpg.rf.89f5bf80b20861f74eddd695e2610c8f_orig.jpg,1,6,0,5
aug_N-195-_jpg.rf.3ee645bdf6cfb14b71806cea54360b09_bright.jpg,1,9,0,8
aug_N-52-_jpg.rf.0da27d80f319a7df012fc0115d646c28_orig.jpg,1,28,0,27
aug_RF-34-_jpg.rf.bb0fad312a2e00cd1b6f354769cdd56d_flip.jpg,1,2,0,1
aug_RF-38-_jpg.rf.82b0eb7a19a5e9d47600e64a781f79c4_orig.jpg,1,2,0,1
aug_RF-88-_jpg.rf.4179da37a8dd5fc06b31cddc3a79894e_flip.jpg,1,2,0,1
aug_S-10-_jpg.rf.4e83445c966a8e0d4c4f13afaf915ed2_contrast.jpg,2,3,0,1
aug_S-122-_jpg.rf.74e9a892e88cef693408d775c8315eb1_contrast.jpg,1,2,0,1
aug_S-143-_jpg.rf.1a3c9a02fd04d99ce4b96d92fedea41a_flip.jpg,1,2,0,1
aug_S-154-_jpg.rf.ac62497d3c91d17332c8ac5261ea6ab2_contrast.jpg,1,3,0,2
aug_S-191-_jpg.rf.8fb270baff5bfe4551795274b5b2ec80_orig.jpg,1,7,0,6
aug_S-199-_jpg.rf.870dc6f3d753313a39d77295e0450a0a_flip.jpg,1,23,0,22
aug_S-53-_jpg.rf.b97348391b333adbd23a526d2b201337_orig.jpg,1,2,0,1
aug_S-55-_jpg.rf.4eccde0dc505a360e8d0773546797421_contrast.jpg,1,12,0,11
aug_S-69-_jpg.rf.644715704b50086a0c7b7c0d934e7ad5_flip.jpg,1,2,0,1
aug_S-90-_jpg.rf.ccc69ec5d9834091a17a39d6c08903a1_orig.jpg,2,3,0,1
aug_S-95-_jpg.rf.559ff4f283bb2e74b464404485e634bc_bright.jpg,1,5,0,4
aug_S-96-_jpg.rf.ece273171bbaf2556d4af47b92ca98d6_contrast.jpg,1,6,0,5
aug_S-97-_jpg.rf.22344379250aae64ab912737325ab336_flip.jpg,1,8,0,7
aug_aug_0_B-11-_jpg.rf.ac6be52ef47210b363f38fc32472bc5a_contrast.jpg,1,3,0,2
aug_aug_0_B-164-_jpg.rf.cd1e34db31758c2758de3a55c81efa1f_orig.jpg,1,2,0,1
aug_aug_0_B-24-_jpg.rf.4b22c828b87c71580ecdf6bd07ca390c_contrast.jpg,1,3,0,2
aug_aug_0_B-55-_jpg.rf.7eea05f5aa94141070fcf7068c07c3d3_flip.jpg,1,2,0,1
aug_aug_0_B-80-_jpg.rf.9f147081aabcb83caad5c195a8bb0f6b_flip.jpg,1,2,0,1
aug_aug_0_C-133-_jpg.rf.5aa30b9982b26dad8f25591ed8c13916_flip.jpg,1,2,0,1
aug_aug_0_C-166-_jpg.rf.dac4ee653361ef1b99c5b36c86318201_bright.jpg,1,2,0,1
aug_aug_0_C-42-_jpg.rf.2af04a25f2f58f3e8c2968e5a0db9a26_orig.jpg,1,2,0,1
aug_aug_0_C-61-_jpg.rf.b98ec93b28829f74a72135fd97158757_bright.jpg,1,3,0,2
aug_aug_0_H-174-_jpg.rf.57a756cfc886951a5d4988810640c55f_contrast.jpg,1,3,0,2
aug_aug_0_H-29-_jpg.rf.990614c58e9546ca1803b8c1a3927950_flip.jpg,1,2,0,1
aug_aug_0_N-100-_jpg.rf.42eb38437a3f203e84e727c3b2759f20_bright.jpg,1,2,0,1
aug_aug_0_RF-157-_jpg.rf.ff55df818644ad9ffdd2e2c1f612154b_bright.jpg,1,2,0,1
aug_aug_0_RF-157-_jpg.rf.ff55df818644ad9ffdd2e2c1f612154b_orig.jpg,1,3,0,2
aug_aug_0_RF-176-_jpg.rf.9d6b7d572e4457865326fdb0e9185d25_orig.jpg,1,2,0,1
aug_aug_0_S-106-_jpg.rf.77809ef24e7d8d729be5079ac41bfdb3_bright.jpg,1,7,0,6
aug_aug_0_S-191-_jpg.rf.8fb270baff5bfe4551795274b5b2ec80_contrast.jpg,1,6,0,5
aug_aug_0_S-199-_jpg.rf.870dc6f3d753313a39d77295e0450a0a_bright.jpg,1,29,0,28
aug_aug_0_S-4-_jpg.rf.49ed5c3ee804554ef781a1706944fa39_bright.jpg,1,3,0,2
aug_aug_0_S-55-_jpg.rf.4eccde0dc505a360e8d0773546797421_bright.jpg,1,10,0,9
aug_aug_0_S-92-_jpg.rf.1a11aa49f8b4424cec4d9276c9f8ae30_bright.jpg,1,3,0,2
aug_aug_1_10_S-94-_jpg.rf.5c7588c9b845d231b9ec8921e78470cd_orig.jpg,1,2,0,1
aug_aug_1_295_S-96-_jpg.rf.ece273171bbaf2556d4af47b92ca98d6_contrast.jpg,1,7,0,6
aug_aug_1_371_N-91-_jpg.rf.c50f717f81190a11c93a3d6bc71c02f1_orig.jpg,1,2,0,1
aug_aug_1_374_S-160-_jpg.rf.1f212cc4dc776b566475780fb646c82d_contrast.jpg,1,2,0,1
aug_aug_1_399_S-90-_jpg.rf.ccc69ec5d9834091a17a39d6c08903a1_bright.jpg,2,6,0,4
aug_aug_1_415_aug_0_S-154-_jpg.rf.ac62497d3c91d17332c8ac5261ea6ab2_bright.jpg,1,3,0,2
aug_aug_1_472_S-94-_jpg.rf.5c7588c9b845d231b9ec8921e78470cd_orig.jpg,1,2,0,1
aug_aug_1_518_S-94-_jpg.rf.5c7588c9b845d231b9ec8921e78470cd_orig.jpg,1,2,0,1
aug_aug_1_631_S-94-_jpg.rf.5c7588c9b845d231b9ec8921e78470cd_orig.jpg,1,2,0,1
aug_aug_1_747_aug_1_N-123-_jpg.rf.c56490ddbc362726f8a31bfb23d58b71_bright.jpg,1,2,0,1
aug_aug_1_B-1-_jpg.rf.83233c819fbf2622ddad54a89481e60f_bright.jpg,1,4,0,3
aug_aug_1_B-130-_jpg.rf.af8a204401ca5706209c442b64d50cce_contrast.jpg,1,2,0,1
aug_aug_1_B-158-_jpg.rf.d6f219ed5d9a823e9a52e6311e9d430b_flip.jpg,1,2,0,1
aug_aug_1_B-164-_jpg.rf.cd1e34db31758c2758de3a55c81efa1f_orig.jpg,1,7,0,6
aug_aug_1_B-34-_jpg.rf.42b61cb9118d644700fe1421b4bda7ea_flip.jpg,1,2,0,1
aug_aug_1_B-38-_jpg.rf.5116c618f0ac370eac9f4bf212aa37e5_contrast.jpg,1,2,0,1
aug_aug_1_B-42-_jpg.rf.8e6bd30b042af65b999b7ba3fd91ab21_bright.jpg,1,2,0,1
aug_aug_1_C-165-_jpg.rf.64fcd36cad0521202605b6963917cbf6_orig.jpg,1,2,0,1
aug_aug_1_C-61-_jpg.rf.b98ec93b28829f74a72135fd97158757_bright.jpg,1,3,0,2
aug_aug_1_H-142-_jpg.rf.8fb7041a3d9c175348f28b92e55b0c3a_contrast.jpg,1,6,0,5
aug_aug_1_RF-192-_jpg.rf.c7e7077bd43b844ddc48fec8de24d6b7_contrast.jpg,1,3,0,2
aug_aug_1_RF-88-_jpg.rf.4179da37a8dd5fc06b31cddc3a79894e_contrast.jpg,1,5,0,4
aug_aug_1_S-101-_jpg.rf.2770e49e2aafae0f084721c83aedaf55_bright.jpg,3,13,0,10
aug_aug_1_S-160-_jpg.rf.1f212cc4dc776b566475780fb646c82d_contrast.jpg,1,2,0,1
aug_aug_1_S-160-_jpg.rf.1f212cc4dc776b566475780fb646c82d_flip.jpg,1,3,0,2
aug_aug_1_S-199-_jpg.rf.870dc6f3d753313a39d77295e0450a0a_flip.jpg,1,23,0,22
aug_aug_1_S-34-_jpg.rf.474ea199eaa21855a84d113e154a7d24_bright.jpg,1,4,0,3
aug_aug_1_S-34-_jpg.rf.474ea199eaa21855a84d113e154a7d24_contrast.jpg,1,3,0,2
aug_aug_1_S-55-_jpg.rf.4eccde0dc505a360e8d0773546797421_orig.jpg,1,9,0,8
aug_aug_1_S-95-_jpg.rf.559ff4f283bb2e74b464404485e634bc_bright.jpg,1,3,0,2
aug_i30_jpg.rf.d879b9cd5adf91e5677d717388b0bb44_bright.jpg,1,1,1,1
aug_i30_jpg.rf.d879b9cd5adf91e5677d717388b0bb44_flip.jpg,1,1,1,1
extra_C-94-_jpg.rf.78c7ce928f4cebf621775b2067ee7dc8_contrast.jpg,1,2,0,1
extra_C-94-_jpg.rf.78c7ce928f4cebf621775b2067ee7dc8_flip.jpg,1,3,0,2
extra_H-180-_jpg.rf.b1e32d5800a98a8ad45688b35e5875dd_orig.jpg,1,2,0,1
extra_H-25-_jpg.rf.38cb159e5c4b71fa27aa7911bea0a0b7_flip.jpg,1,3,0,2
extra_H-25-_jpg.rf.38cb159e5c4b71fa27aa7911bea0a0b7_orig.jpg,1,2,0,1
extra_N-131-_jpg.rf.dd4ae00b6db7a887d6eacf7e85444d0b_bright.jpg,1,2,0,1
extra_N-163-_jpg.rf.89f5bf80b20861f74eddd695e2610c8f_orig.jpg,1,6,0,5
extra_RF-117-_jpg.rf.89d531e08a938c641ad3887ba099f502_bright.jpg,1,2,0,1
extra_RF-34-_jpg.rf.bb0fad312a2e00cd1b6f354769cdd56d_flip.jpg,1,2,0,1
extra_RF-88-_jpg.rf.4179da37a8dd5fc06b31cddc3a79894e_flip.jpg,1,2,0,1
extra_S-101-_jpg.rf.2770e49e2aafae0f084721c83aedaf55_bright.jpg,3,13,0,10
extra_S-154-_jpg.rf.ac62497d3c91d17332c8ac5261ea6ab2_bright.jpg,1,4,0,3
extra_S-53-_jpg.rf.b97348391b333adbd23a526d2b201337_orig.jpg,1,2,0,1
extra_S-90-_jpg.rf.ccc69ec5d9834091a17a39d6c08903a1_orig.jpg,2,3,0,1
extra_S-96-_jpg.rf.ece273171bbaf2556d4af47b92ca98d6_bright.jpg,1,8,0,7
extra_S-97-_jpg.rf.22344379250aae64ab912737325ab336_flip.jpg,1,8,0,7
extra_aug_0_C-133-_jpg.rf.5aa30b9982b26dad8f25591ed8c13916_flip.jpg,1,2,0,1
extra_aug_0_C-42-_jpg.rf.2af04a25f2f58f3e8c2968e5a0db9a26_orig.jpg,1,2,0,1
extra_aug_0_H-29-_jpg.rf.990614c58e9546ca1803b8c1a3927950_flip.jpg,1,2,0,1
extra_aug_0_H-76-_jpg.rf.ce20116b5f76ce8e36441c391c5a317d_bright.jpg,1,2,0,1
extra_aug_0_N-14-_jpg.rf.622d2fe73793ecf2e11b174a78c30380_contrast.jpg,1,2,0,1
extra_aug_0_RF-157-_jpg.rf.ff55df818644ad9ffdd2e2c1f612154b_orig.jpg,1,3,0,2
extra_aug_0_RF-90-_jpg.rf.f2cf6156ced4e9d16b4294d4a4f7dd9c_bright.jpg,1,2,0,1
extra_aug_0_S-103-_jpg.rf.e555648d3226f9712a44469d514462e2_contrast.jpg,1,18,0,17
extra_aug_0_S-114-_jpeg_jpg.rf.437136644b8f12ffafb73c87a3e6ad10_contrast.jpg,4,28,0,24
extra_aug_0_S-191-_jpg.rf.8fb270baff5bfe4551795274b5b2ec80_contrast.jpg,1,8,0,7
extra_aug_1_10_S-94-_jpg.rf.5c7588c9b845d231b9ec8921e78470cd_orig.jpg,1,2,0,1
extra_aug_1_223_N-180-_jpg.rf.25cda3e652c2f0716fe528b8623f4c4a_bright.jpg,1,2,0,1
extra_aug_1_371_N-91-_jpg.rf.c50f717f81190a11c93a3d6bc71c02f1_orig.jpg,1,2,0,1
extra_aug_1_472_S-94-_jpg.rf.5c7588c9b845d231b9ec8921e78470cd_bright.jpg,1,2,0,1
extra_aug_1_472_S-94-_jpg.rf.5c7588c9b845d231b9ec8921e78470cd_orig.jpg,1,2,0,1
extra_aug_1_518_S-94-_jpg.rf.5c7588c9b845d231b9ec8921e78470cd_orig.jpg,1,2,0,1
extra_aug_1_631_S-94-_jpg.rf.5c7588c9b845d231b9ec8921e78470cd_orig.jpg,1,2,0,1
extra_aug_1_747_aug_1_N-123-_jpg.rf.c56490ddbc362726f8a31bfb23d58b71_bright.jpg,1,2,0,1
extra_aug_1_B-158-_jpg.rf.d6f219ed5d9a823e9a52e6311e9d430b_flip.jpg,1,2,0,1
extra_aug_1_B-191-_jpg.rf.ff7c923736021978b232b5a3953240d4_bright.jpg,1,2,0,1
extra_aug_1_B-34-_jpg.rf.42b61cb9118d644700fe1421b4bda7ea_flip.jpg,1,2,0,1
extra_aug_1_C-165-_jpg.rf.64fcd36cad0521202605b6963917cbf6_orig.jpg,1,2,0,1
extra_aug_1_S-160-_jpg.rf.1f212cc4dc776b566475780fb646c82d_flip.jpg,1,3,0,2
extra_aug_1_S-191-_jpg.rf.8fb270baff5bfe4551795274b5b2ec80_contrast.jpg,1,14,0,13
extra_aug_1_S-55-_jpg.rf.4eccde0dc505a360e8d0773546797421_orig.jpg,1,9,0,8
extra_i30_jpg.rf.d879b9cd5adf91e5677d717388b0bb44_flip.jpg,1,1,1,1
