image,milliseconds
aug_N-149-_jpg.rf.4ed34893b663ddd9c69f782213897251_orig.jpg,12.858591002441244
aug_aug_1_205_N-10-_jpg.rf.e0813b74d03f4b58f7d55a8b63cb0c59_orig.jpg,12.919057997351047
aug_aug_1_N-51-_jpg.rf.36c7ce79951bf12ff39c21a8e212d86f_bright.jpg,12.731261002045358
aug_aug_1_RF-146-_jpg.rf.d832d974d9a7d05a8e0ec3f08ae1317e_bright.jpg,12.987653997697635
extra_aug_0_N-165-_jpg.rf.db9d1e6f5d4ba3bc4cdc99153ca1ad3e_flip.jpg,14.037672000995371
extra_aug_1_N-41-_jpg.rf.9b88197b61f326daf265b64ca6c131e1_flip.jpg,12.708444999589119
aug_H-198-_jpg.rf.0abe535c53fa04241abf6b67b41bae4a_contrast.jpg,12.987129997782176
extra_aug_1_i42_jpg.rf.6f2fe2cf1dffd78e59f2eb1578a20d32_flip.jpg,63.983097999880556
aug_aug_0_C-61-_jpg.rf.b98ec93b28829f74a72135fd97158757_bright.jpg,14.268638002249645
extra_RF-42-_jpg.rf.aad595f339d91ea07b0591cd7340ff68_flip.jpg,11.976847999903839
extra_aug_0_B-56-_jpg.rf.299450cbc1fab7eaca18f521b6dbc475_bright.jpg,12.762392998411087
extra_C-23-_jpg.rf.3986542656f7a178d50aa303ec5b299f_orig.jpg,12.341235000349116
aug_aug_1_686_aug_0_N-185-_jpg.rf.585ab4744e9c97ee66b1d3b192cffdf2_contrast.jpg,12.061559002177091
extra_aug_1_578_aug_0_C-107-_jpg.rf.4eb3baacf4f8b6b522db3bdbb87edf1b_orig.jpg,12.600860001839465
extra_H-75-_jpg.rf.2290f236b809de62b5d03794c6d5949c_bright.jpg,13.43041399741196
extra_B-174-_jpg.rf.8ba7e7ff698e60a5b24561eb26061c34_contrast.jpg,14.247877999878256
extra_aug_1_C-95-_jpg.rf.7a45e5f420dac65138a92f4e6ef0b872_bright.jpg,14.034633997653145
extra_aug_1_335_aug_0_N-23-_jpg.rf.851b0d3c9bdaa3ed92fdf072747287a8_flip.jpg,13.653260000864975
extra_aug_1_545_aug_0_N-180-_jpg.rf.25cda3e652c2f0716fe528b8623f4c4a_orig.jpg,13.348829997994471
extra_aug_1_503_aug_0_S-128-_jpg.rf.4aeeae05178ef8244427105486714f6b_contrast.jpg,14.288063001004048
aug_aug_1_N-11-_jpg.rf.865183d2178873f4ae2721216410e4d6_bright.jpg,13.730086000578012
extra_aug_1_428_aug_1_N-14-_jpg.rf.622d2fe73793ecf2e11b174a78c30380_flip.jpg,13.923099999374244
extra_aug_1_524_aug_0_C-184-_jpg.rf.ef55db8bdbf7153946bb0a1862904fb7_contrast.jpg,14.62697900205967
extra_N-40-_jpg.rf.58d63e98b00eea5d166b8e7d322b30c0_orig.jpg,14.270851999754086
aug_aug_1_96_N-71-_jpg.rf.9f19bfc017446d840eaa11d9768686a4_contrast.jpg,14.008664998982567
aug_aug_0_N-102-_jpg.rf.8ddb57b9df7f4ca8bf4dba8a25d84495_flip.jpg,14.196734999131877
C-115-_jpg.rf.947f1d8550bcbb4f5dbde2b91fec445d.jpg,15.034147996630054
extra_S-53-_jpg.rf.b97348391b333adbd23a526d2b201337_orig.jpg,14.095270002144389
aug_C-35-_jpg.rf.0e7a4f14f4ff6ebf1f913cf6e23f8c45_orig.jpg,14.260569001635304
aug_H-75-_jpg.rf.2290f236b809de62b5d03794c6d5949c_contrast.jpg,14.260810999985551
aug_aug_0_S-55-_jpg.rf.4eccde0dc505a360e8d0773546797421_bright.jpg,15.025581000372767
extra_aug_1_727_aug_0_N-42-_jpg.rf.14258118346de6ab79a3327491b9fa38_orig.jpg,14.875207001750823
aug_H-16-_jpg.rf.bbea9c03e665b8db693f11bd17052d54_flip.jpg,13.431924999167677
aug_aug_1_B-160-_jpg.rf.2ec6b66b17e510046a18e858700d602b_flip.jpg,13.342692000151146
S-34-_jpg.rf.474ea199eaa21855a84d113e154a7d24.jpg,13.478551001753658
extra_aug_1_717_H-24-_jpg.rf.e2617b9a4f0c0c5d875b27974693af8b_bright.jpg,13.522688001103234
extra_aug_1_128_S-26-_jpg.rf.fda2d0cfd5b334e17a3bd59637e4af5c_flip.jpg,13.605770000140183
aug_aug_1_N-104-_jpg.rf.a18eeafa77e03883db630b92b99632eb_orig.jpg,13.927864998549921
extra_aug_1_103_aug_0_N-74-_jpg.rf.0a9ef129663b5d09f05b604f93cf1f15_flip.jpg,13.482657002896303
aug_aug_1_180_aug_0_H-90-_jpg.rf.2f64d28af7e281b19474cc0ec419e985_flip.jpg,14.422184001887217
aug_aug_0_C-107-_jpg.rf.4eb3baacf4f8b6b522db3bdbb87edf1b_orig.jpg,13.357400999666424
aug_aug_1_585_aug_1_H-12-_jpg.rf.02be3c30b73a8411da8407d4f6c6a327_flip.jpg,13.183518000005279
aug_aug_0_N-36-_jpg.rf.ac24ad122bff8bb7dd98e10e01657c47_contrast.jpg,13.626378997287247
aug_aug_1_34_N-75-_jpg.rf.914fcb21c510c569f18233c4a99c467c_contrast.jpg,13.682551998499548
aug_aug_1_37_aug_0_N-180-_jpg.rf.25cda3e652c2f0716fe528b8623f4c4a_orig.jpg,13.637899999594083
extra_aug_1_673_aug_1_i18_jpg.rf.9a548b00ea2d1d0b9219486eb2b4137e_orig.jpg,78.14696299828938
aug_aug_1_47_N-149-_jpg.rf.4ed34893b663ddd9c69f782213897251_flip.jpg,14.489321001747157
extra_aug_1_3_aug_0_H-56-_jpg.rf.f5541cb5a06fe09f63e2c8cb412c43c4_bright.jpg,12.44756499727373
aug_aug_1_RF-164-_jpg.rf.725d3c583917ae9edb52f48236bbb6ee_bright.jpg,12.412535998009844
extra_aug_0_H-44-_jpg.rf.5c3de6c65b49f717bafe9902e1896629_bright.jpg,12.517874001787277
aug_C-185-_jpg.rf.b39e7912de32ff6e4eda152d80bc8766_bright.jpg,13.242271001217887
extra_aug_1_2_aug_0_C-107-_jpg.rf.4eb3baacf4f8b6b522db3bdbb87edf1b_orig.jpg,13.260616000479786
aug_aug_1_313_S-185-_jpg.rf.ee052c6c6a90e1609fb52b2dedcf6192_bright.jpg,12.835773999540834
aug_C-94-_jpg.rf.78c7ce928f4cebf621775b2067ee7dc8_flip.jpg,13.21299100163742
extra_C-38-_jpg.rf.8dfdb84facf952447ebb13d883f5a322_flip.jpg,12.930480999784777
aug_aug_1_i16_jpg.rf.9829d43f326f55f32a60a391daa27045_contrast.jpg,58.486072997766314
aug_aug_0_i34_jpg.rf.3438eeadf0a6451940b964f1d281e888_contrast.jpg,68.06158899780712
aug_aug_0_S-61-_jpg.rf.c95f903a6fdca6de39884a1647e96ad8_flip.jpg,13.267551999888383
aug_aug_1_B-61-_jpg.rf.37a76f592a8fac2fdacbeecd6b8817b5_bright.jpg,11.984795000898885
aug_RF-104-_jpg.rf.9a8cbb97c718abbd4339c361993e79a6_flip.jpg,12.760288998833857
extra_aug_1_S-125-_jpg.rf.e73537d3a9556872126533b3b9ba1336_contrast.jpg,12.891212998511037
extra_aug_0_N-14-_jpg.rf.622d2fe73793ecf2e11b174a78c30380_contrast.jpg,14.575771001545945
extra_aug_1_205_N-10-_jpg.rf.e0813b74d03f4b58f7d55a8b63cb0c59_orig.jpg,13.436855999316322
extra_aug_1_273_i2_jpg.rf.7c18c9b47c7e61a7f08e36d2ea035ae9_orig.jpg,79.52042399847414
extra_N-141-_jpg.rf.ca164ff4ff3694f037b34d16647108c1_orig.jpg,13.882109000405762
aug_aug_1_162_aug_0_H-35-_jpg.rf.1b4fa0d1d7f315766a28e564c3a8df4f_contrast.jpg,12.701461000688141
aug_1_B-36-_jpg.rf.616b5fbafbbd9d145cc6a5533b5ada40.jpg,13.36270500178216
extra_aug_1_H-45-_jpg.rf.c3e4d145b180c41731eae0e28eca4b31_bright.jpg,12.97825300207478
extra_aug_1_240_aug_1_N-63-_jpg.rf.24803042cf35342854fd522a1bad3ddc_contrast.jpg,12.813337998522911
aug_aug_1_442_aug_1_N-68-_jpg.rf.193f4f48dc12a3eda0d3e0d3cdbf74d6_orig.jpg,13.836526002705796
aug_aug_1_412_aug_0_N-32-_jpg.rf.ac4a3b53c1157f6124dff62571f68fe2_flip.jpg,13.443192998238374
aug_aug_1_B-99-_jpg.rf.ff5e7bb8fcc03292c70467c1379e2ef2_flip.jpg,13.719470000069123
aug_aug_1_690_aug_1_S-164-_jpg.rf.546605e233982b00946573d602eec202_orig.jpg,14.200124998751562
aug_H-102-_jpg.rf.4d4cfaca8a574c5ccfd27371b160a00c_bright.jpg,13.257238002552185
aug_aug_1_588_N-41-_jpg.rf.9b88197b61f326daf265b64ca6c131e1_contrast.jpg,12.883393999800319
extra_N-31-_jpg.rf.b60a757425e79b3b6c3cb7b4226bccd1_flip.jpg,13.455790001899004
extra_C-136-_jpg.rf.ed92909287a5b63925e50cb66c691d98_flip.jpg,13.04224499835982
aug_aug_1_N-25-_jpg.rf.b5722abdf91d51983615db203ea6acf9_contrast.jpg,12.942923996888567
extra_aug_1_RF-137-_jpg.rf.2ceefcd70067836a653cebd478377d77_flip.jpg,12.89178699880722
aug_N-135-_jpg.rf.98bb3ae4c63359207214e06e092a5cc0_contrast.jpg,13.004090997128515
aug_aug_1_702_aug_1_H-56-_jpg.rf.f5541cb5a06fe09f63e2c8cb412c43c4_bright.jpg,12.877742999990005
aug_aug_1_N-96-_jpg.rf.29a00a389c2c0c108521bb39913c9dea_orig.jpg,14.02433499970357
extra_aug_1_661_C-26-_jpg.rf.9dfb8920eb1688d596a4f0f23b5c1a28_bright.jpg,12.758775999827776
extra_aug_1_424_N-55-_jpg.rf.e55f9970515afed7e652950407663da2_contrast.jpg,12.849725997511996
extra_aug_1_RF-13-_jpg.rf.e46e613d06b28127b21f040872bf11e5_flip.jpg,13.607893000880722
extra_RF-34-_jpg.rf.bb0fad312a2e00cd1b6f354769cdd56d_flip.jpg,12.549525999929756
extra_aug_1_RF-77-_jpg.rf.c5268c1a96f221fc4e366d98177a4df6_flip.jpg,12.69076799871982
aug_aug_1_586_aug_0_B-91-_jpg.rf.5d7f6e0cd89da8828fa2d40f00d0b189_orig.jpg,12.559210001199972
aug_aug_1_S-110-_jpg.rf.0d58c08fc6e6d5019c5db88d3026d571_contrast.jpg,12.626053998246789
aug_aug_0_RF-105-_jpg.rf.5d2822350a98e42cbaccf3a65443cd95_contrast.jpg,13.109186002111528
extra_aug_1_H-146-_jpg.rf.418ea8e0071211e4e656a4d8f31430e4_contrast.jpg,13.528871000744402
aug_aug_1_685_aug_1_i34_jpg.rf.3438eeadf0a6451940b964f1d281e888_orig.jpg,69.20851200266043
extra_H-159-_jpg.rf.3ab426a6419fb9297168e5e9b83908f8_contrast.jpg,12.597416000062367
aug_aug_1_H-142-_jpg.rf.8fb7041a3d9c175348f28b92e55b0c3a_contrast.jpg,11.553725002158899
aug_aug_1_RF-154-_jpg.rf.3d35523f40be27d5a09ad1d78bcbe745_bright.jpg,12.016676999337506
aug_aug_1_RF-22-_jpg.rf.c4e643fa11fd6c884fe0f3d4616a310f_contrast.jpg,12.604071998794097
aug_1_C-142-_jpg.rf.231ea7541a7cafbe7a81e2de8d881f87.jpg,13.307082997926045
extra_N-123-_jpg.rf.c56490ddbc362726f8a31bfb23d58b71_orig.jpg,13.171151997084962
aug_aug_0_C-84-_jpg.rf.d5f6789f2b4302f0d8b8a674d6671c5d_bright.jpg,13.553272001445293
extra_aug_1_495_N-70-_jpg.rf.2548f2d585afe1e38d7a4341a073bd88_contrast.jpg,12.941926001076354
aug_N-29-_jpg.rf.4a607e8b5eb22c42a5155ef69dc8ad88_orig.jpg,12.877533001301344
extra_aug_1_735_N-74-_jpg.rf.0a9ef129663b5d09f05b604f93cf1f15_flip.jpg,12.602997998328647
aug_B-190-_jpg.rf.c0172070e32b4ca769859c6b8b296290_contrast.jpg,12.883696999779204
extra_aug_1_211_H-76-_jpg.rf.ce20116b5f76ce8e36441c391c5a317d_contrast.jpg,12.80018800025573
aug_aug_1_RF-88-_jpg.rf.4179da37a8dd5fc06b31cddc3a79894e_contrast.jpg,13.144049000402447
extra_i30_jpg.rf.d879b9cd5adf91e5677d717388b0bb44_flip.jpg,67.91315400187159
extra_aug_0_S-129-_jpg.rf.f1a1d6ccf5adbcd00aac0b20f29451a2_orig.jpg,13.6455419997219
extra_aug_1_277_aug_0_N-58-_jpg.rf.f580fff45dbebe989a87cd27edf221b7_orig.jpg,12.974593999388162
extra_aug_0_C-107-_jpg.rf.4eb3baacf4f8b6b522db3bdbb87edf1b_orig.jpg,12.674265999521594
aug_aug_1_719_aug_1_C-100-_jpg.rf.657a22c2c02d0d55a66b5fece08a2ed7_flip.jpg,13.422708001598949
aug_aug_1_C-189-_jpg.rf.01727abb2c9471843f318ad6dfdee49a_contrast.jpg,13.240224001492606
aug_RF-12-_jpg.rf.dcefbad604feb5e31b4e0ba80f3b0e84_contrast.jpg,12.964290999661898
aug_aug_1_H-187-_jpg.rf.0368fb295870ff2c1b32d2d642dba39d_orig.jpg,12.96850499784341
extra_aug_1_i4_jpg.rf.7ef2f2d7b4da9a187d709e93ff14a2a2_flip.jpg,65.27835100132506
aug_aug_0_H-14-_jpg.rf.7351197e0d25c48d6e4ab2505a9485ee_contrast.jpg,14.307175999419997
extra_aug_1_H-76-_jpg.rf.ce20116b5f76ce8e36441c391c5a317d_contrast.jpg,12.859739999839803
extra_i27_jpg.rf.beeb2f6359c0fae50b1962e4239e6292_bright.jpg,65.89023400010774
aug_N-171-_jpg.rf.9eab554ac2219bd2ed4d71a9a85b7d45_flip.jpg,15.0482689969067
extra_aug_0_C-178-_jpg.rf.0364a173794d91d808e60d985663230b_flip.jpg,13.164668998797424
extra_aug_1_190_H-190-_jpg.rf.054592fdeb4ad2e5c9159339b2a6e0b3_contrast.jpg,13.708954000321683
aug_aug_1_B-55-_jpg.rf.7eea05f5aa94141070fcf7068c07c3d3_bright.jpg,14.065887000469957
extra_aug_0_S-31-_jpg.rf.4ec7d25362bfd48fc25f3f6ef2fb8a95_flip.jpg,14.405931000510463
aug_aug_1_C-180-_jpg.rf.fa440f9839e081015ed1912f8d0e1f7a_flip.jpg,13.875580996682402
extra_aug_1_263_aug_1_N-129-_jpg.rf.fea7463d322843bdea2b368c99add4af_orig.jpg,14.954579000914237
extra_B-134-_jpg.rf.668aa6701ef23f8af7c0c4d20575f04c_orig.jpg,13.975689998915186
aug_aug_0_N-33-_jpg.rf.11cee42d8e6b548bf2f42a01c400c6f4_flip.jpg,13.388094001129502
extra_C-84-_jpg.rf.d5f6789f2b4302f0d8b8a674d6671c5d_bright.jpg,14.002296000398928
aug_aug_1_602_aug_1_C-100-_jpg.rf.657a22c2c02d0d55a66b5fece08a2ed7_flip.jpg,14.511581000988372
extra_aug_0_S-124_jpg.rf.4aa44603395ed6d68610a568500858be_bright.jpg,14.185730000463082
aug_aug_1_15_i18_jpg.rf.9a548b00ea2d1d0b9219486eb2b4137e_orig.jpg,77.85967399831861
extra_B-192-_jpg.rf.8ff924c8945d8614e95d6a346a3d6395_orig.jpg,14.164388001518091
extra_aug_1_650_C-184-_jpg.rf.ef55db8bdbf7153946bb0a1862904fb7_bright.jpg,13.1475189991761
extra_aug_0_N-162-_jpg.rf.f7f69a04755dae0350d41603320476dc_bright.jpg,14.330358997540316
aug_aug_1_N-50-_jpg.rf.874ce5a5ad2e5106d768b4b8b3b51069_bright.jpg,14.738419999048347
extra_aug_1_180_aug_0_H-90-_jpg.rf.2f64d28af7e281b19474cc0ec419e985_flip.jpg,14.383476998773403
aug_aug_1_H-13-_jpg.rf.5958ef5bd18d872f667a0737e7771be6_bright.jpg,13.366701001359615
aug_aug_1_731_S-165-_jpg.rf.3f12222fab7a6b7419a71311f898b2e6_contrast.jpg,13.212416000897065
aug_aug_0_B-193-_jpg.rf.f03991dff870cc22c783284e32374409_contrast.jpg,14.083011999900918
aug_aug_1_101_aug_0_N-28-_jpg.rf.0f61fc5bff92de7aab9efb4a45fa8731_bright.jpg,13.782723002805142
extra_aug_1_B-195-_jpg.rf.2e426aa52c06666584edb19f9b04bbab_bright.jpg,13.84827500078245
aug_aug_0_RF-189-_jpg.rf.ed00a922980a78dc8e0201cb1b079b56_contrast.jpg,13.335813000594499
RF-152-_jpg.rf.3a35d26cdbc873421c2e5de29ebd9371.jpg,13.002203002542956
aug_1_RF-49-_jpg.rf.cb480b522072f5f25e6e7ee8f3a17467.jpg,12.921907000418287
aug_RF-167-_jpg.rf.ed6b62947fa45e3f34671e5c422bdcd2_orig.jpg,12.530412001069635
extra_aug_0_N-73-_jpg.rf.646e4776dc525ca81999d53c3dc34ab0_flip.jpg,13.061728997854516
extra_aug_1_i16_jpg.rf.9829d43f326f55f32a60a391daa27045_contrast.jpg,62.167972999304766
extra_RF-164-_jpg.rf.725d3c583917ae9edb52f48236bbb6ee_flip.jpg,12.830553998355754
aug_aug_1_B-67-_jpg.rf.3d7a4d60e6a4c82ec48177557349b7ba_contrast.jpg,11.671559001115384
extra_aug_1_669_N-20-_jpg.rf.0205077e7c5ca5d1a870ab990f194edf_bright.jpg,12.18213299944182
aug_aug_1_RF-77-_jpg.rf.c5268c1a96f221fc4e366d98177a4df6_flip.jpg,12.284576998354169
aug_aug_1_H-99-_jpg.rf.454b4626c0d95660c0045b41834fed3f_bright.jpg,13.039973000559257
aug_aug_1_399_S-90-_jpg.rf.ccc69ec5d9834091a17a39d6c08903a1_bright.jpg,13.060240002232604
aug_aug_0_B-169-_jpg.rf.a8078217164553b0a3e8b28e0474087e_flip.jpg,13.221934001194313
aug_aug_0_RF-118-_jpg.rf.f5bf5db81a530c25e48b1a63f098e302_bright.jpg,12.842197000281885
extra_aug_1_15_i18_jpg.rf.9a548b00ea2d1d0b9219486eb2b4137e_orig.jpg,74.3739520003146
aug_aug_1_H-43-_jpg.rf.b07fe5775793e39f5a956eb8ae4469bc_contrast.jpg,13.259151997772278
aug_aug_1_C-153-_jpg.rf.a95c23b3b64511ebe7b4660e9c4d09a1_orig.jpg,12.166186003014445
aug_aug_1_RF-14-_jpg.rf.02919ec00c28cb27aab1bf5a25bfdd80_bright.jpg,12.435335000191117
extra_aug_1_498_i26_jpg.rf.7d3a417976c18d972db81b79d61855ae_contrast.jpg,64.28374800088932
extra_aug_1_97_aug_0_H-155-_jpg.rf.596280c6f10449d054d35388281166d5_orig.jpg,13.643820999277523
aug_aug_1_N-198-_jpg.rf.74788dd20dc478ad9b2156572d5e0cba_contrast.jpg,12.84192700040876
extra_aug_1_688_N-145-_jpg.rf.6fafbc041b91163540109109ea420866_flip.jpg,13.043038998148404
aug_aug_1_73_aug_1_N-14-_jpg.rf.622d2fe73793ecf2e11b174a78c30380_flip.jpg,13.066957999399165
extra_C-47-_jpg.rf.2aa28d036364a23c499e41f6412f82e0_flip.jpg,13.331837999430718
extra_aug_0_RF-193-_jpg.rf.c2df3cb8a9ad6cfcb70b2001ae5417bd_orig.jpg,13.643844999023713
aug_1_S-107-_jpg.rf.a7a592bd2ad7e729a6960d4c82cea8b7.jpg,13.242573997558793
extra_aug_1_B-191-_jpg.rf.ff7c923736021978b232b5a3953240d4_bright.jpg,12.920525998197263
aug_aug_0_i19_jpg.rf.c959c700ce488b08a04f8b4331080af3_contrast.jpg,125.49027600107365
aug_aug_1_191_RF-173-_jpg.rf.fcc2f0505aa20c329dc1f465cabc6f50_orig.jpg,13.331359998119297
aug_aug_1_B-64-_jpg.rf.28364d8e78771c5f2388ed646cfd935c_flip.jpg,12.570118997246027
extra_aug_1_705_aug_1_H-27-_jpg.rf.f1ef028e6a5af876a97b9e73fa4ae268_contrast.jpg,12.546022000606172
aug_H-160-_jpg.rf.0e5332e3dc40a37892c27c562978f246_flip.jpg,12.610459998541046
aug_aug_1_81_i21_jpg.rf.e2690eeb4512a9a190b7653de72a638a_contrast.jpg,64.08557400209247
extra_aug_1_148_RF-173-_jpg.rf.fcc2f0505aa20c329dc1f465cabc6f50_contrast.jpg,13.443529001960997
extra_aug_1_585_aug_1_H-12-_jpg.rf.02be3c30b73a8411da8407d4f6c6a327_flip.jpg,12.098626997612882
aug_aug_1_RF-181-_jpg.rf.0b2a17ad4cdbd968630004a7665f88cb_flip.jpg,11.943232002522564
aug_aug_0_RF-109-_jpg.rf.0b81211254236f30ffe2e720efffb4b2_orig.jpg,11.9902610022109
aug_aug_1_B-2-_jpg.rf.95fdd20855fe1c6d8bddf6771853f589_orig.jpg,13.20923100138316
aug_S-33-_jpg.rf.560abdafb644fd4284565014d1875e71_orig.jpg,12.835178000386804
extra_aug_1_321_N-14-_jpg.rf.622d2fe73793ecf2e11b174a78c30380_bright.jpg,13.133975000528153
aug_C-105-_jpg.rf.29dff4d3cb1cc002c0bd5f983db64d7c_flip.jpg,13.209863998781657
extra_aug_0_N-180-_jpg.rf.25cda3e652c2f0716fe528b8623f4c4a_contrast.jpg,12.924425998789957
aug_aug_0_RF-173-_jpg.rf.fcc2f0505aa20c329dc1f465cabc6f50_flip.jpg,13.480328001605812
aug_aug_1_452_aug_1_H-146-_jpg.rf.418ea8e0071211e4e656a4d8f31430e4_flip.jpg,12.823737997678109
aug_H-155-_jpg.rf.596280c6f10449d054d35388281166d5_bright.jpg,12.768741999025224
aug_aug_0_B-123-_jpg.rf.7fd217736e901539b953384223473b8f_bright.jpg,12.77665999805322
extra_aug_1_408_S-102-_jpg.rf.13d99a1a8e03cd22f7a968fce699676c_bright.jpg,12.388532999466406
extra_aug_1_N-196-_jpg.rf.92d99b6e3155d61062c204ea2914d5bd_orig.jpg,12.81800899960217
aug_aug_1_642_aug_0_N-28-_jpg.rf.0f61fc5bff92de7aab9efb4a45fa8731_bright.jpg,12.942131001182133
aug_RF-144-_jpg.rf.86513012b33980501a106723979bb69f_flip.jpg,12.902804999612272
aug_0_B-37-_jpg.rf.951ce75d539847b07ac5e332208be973.jpg,13.636851999763167
aug_H-11-_jpg.rf.5f184a0fc608f705633a02dd6a5e1ca7_orig.jpg,12.939993997861166
B-117-_jpg.rf.5d2b46e474c7d03cc0fd38f68b82e04c.jpg,13.064834001852432
aug_aug_1_B-187-_jpg.rf.bd21bea5f47a5e962d47dc06b36d8644_bright.jpg,12.657037997996667
extra_N-175-_jpg.rf.8049c914a24daecd06d188c7c0ce7ab6_flip.jpg,12.9314269979659
extra_B-172-_jpg.rf.553473c93a9de128ea95233ffbb0f3da_flip.jpg,13.403879998804769
extra_aug_1_C-110-_jpg.rf.6475efb38d697ea371890c1a94bd1cc0_flip.jpg,14.207763997546863
aug_C-50-_jpg.rf.e8be218afbaa4cb999c817bcb2a90f80_bright.jpg,13.663570000062464
extra_S-181-_jpg.rf.a6dd91de2b1b08f314087fa3133a83b6_orig.jpg,13.364734000788303
extra_aug_1_625_aug_1_N-18-_jpg.rf.400d43435e92ae2d2862e325f3a9352a_flip.jpg,13.85336100065615
